acruise = Alex Cruise <alex@cluonflux.com>
buraq = NAME <USER@DOMAIN>
chrisJames = NAME <USER@DOMAIN>
cremet = NAME <USER@DOMAIN>
cunei = Toni Cunei <antonio.cunei@epfl.ch>
dcaoyuan = NAME <USER@DOMAIN>
dchenbecker = Derek Chen-Beker <dchenbecker@gmail.com>
dpp = David Pollak <feeder.of.the.bears@gmail.com>
dragos = Iulian Dragos <iulian.dragos@epfl.ch>
DRMacIver = David MacIver <david.maciver@gmail.com>
dubochet = Gilles Dubochet <gilles.dubochet@epfl.ch>
emir = Burak Emir <USER@DOMAIN>
eugenevigdorchik = NAME <USER@DOMAIN>
extempore = Paul Phillips <paulp@improving.org>
fsalvi = Fabien Salvi <fabien.salvi@epfl.ch>
grek = Grzegorz Kossakowski <grzegorz.kossakowski@gmail.com>
heathermiller = Heather Miller <heather.miller@epfl.ch>
ilyas = NAME <USER@DOMAIN>
imaier = Ingo Maier <ingo.maier@epfl.ch>
jeberle = NAME <USER@DOMAIN>
Joshua.Suereth = Josh Suereth <joshua.suereth@gmail.com>
jvaucher = NAME <USER@DOMAIN>
kzys = Kato Kazuyoshi <kato.kazuyoshi@gmail.com>
lesani = NAME <USER@DOMAIN>
lorch = NAME <USER@DOMAIN>
magarcia = Miguel Garcia <USER@DOMAIN>
maier = NAME <USER@DOMAIN>
malayeri = Donna Malayeri <lindydonna@gmail.com>
mcdirmid = Sean McDirmid <sean.mcdirmid@gmail.com>
michelou = NAME <USER@DOMAIN>
mihaylov = NAME <USER@DOMAIN>
milessabin = Miles Sabin <miles@milessabin.com>
moez = NAME <USER@DOMAIN>
moix = NAME <USER@DOMAIN>
moors = Adriaan Moors <adriaan.moors@epfl.ch>
nielsen = NAME <USER@DOMAIN>
noir = NAME <USER@DOMAIN>
odersky = Martin Odersky <martin.odersky@gmail.com>
paltherr = NAME <USER@DOMAIN>
pedrofurla = Pedro Furlanetto <pedrofurla@gmail.com>
phaller = Phillip Haller <philipp.haller@epfl.ch>
plocinic = Hubert Plociniczak <hubert.plociniczak@epfl.ch>
pradel = NAME <USER@DOMAIN>
prokopec = Aleksandar Pokopec <aleksandar.prokopec@epfl.ch>
rompf = Tiark Rompf <tiark.rompf@epfl.ch>
rytz = Lukas Rytz <lukas.rytz@epfl.ch>
sbucher = NAME <USER@DOMAIN>
schinz = NAME <USER@DOMAIN>
shack = NAME <USER@DOMAIN>
spoon = Lex Spoon <lex@lexspoon.org>
stenman = NAME <USER@DOMAIN>
stepancheg = NAME <USER@DOMAIN>
ureche = Vlad Ureche <vlad.ureche@epfl.ch>
vjovanov = Vojin Jovanovic <vojin.jovanovic@epfl.ch>
washburn = Geoffrey Washburn < geoffrey.washburn@epfl.ch>
zenger = Matthias Zenger <mzenger@gmail.com>
(no author) = Automation Bot <noreply@epfl.ch>
thhofer = thofer <thofer@epfl.ch>
tvcutsem = tvcutsem <tvcutsem@epfl.ch>
marmori = marmori <marmori@epfl.ch>
joaquim = joaquim <joaquim@epfl.ch>
lavanchy = lavanchy <lavanchy@epfl.ch>
copponne = copponne <copponne@epfl.ch>
manojo = manojo <manojo@epfl.ch>
hosekp = hosekp <hosekp@epfl.ch>
